{
  "benchmark": "outbreak_early_warning_resilience",
  "seeds": 3,
  "weeks": 26,
  "regions": 3,
  "criteria": {
    "c1_beats_extremes": {
      "pass": false,
      "value": "0%",
      "threshold": ">=80%"
    },
    "c2_beats_adaptive": {
      "pass": false,
      "value": "0%",
      "threshold": ">=60%"
    },
    "c3_fewer_deaths_vs_threshold": {
      "pass": true,
      "value": "100%",
      "threshold": ">=50%"
    },
    "c4_cheaper_than_lockdown": {
      "pass": true,
      "value": "100%",
      "threshold": ">=90%"
    },
    "overall": {
      "pass": false,
      "passed": 2,
      "total": 4
    }
  },
  "aggregate": {
    "none_always": {
      "mean_deaths": 373.6666666666667,
      "mean_econ_cost_M": 0.0,
      "mean_score": -0.26033333333333336
    },
    "lockdown_always": {
      "mean_deaths": 0,
      "mean_econ_cost_M": 74786.95466666667,
      "mean_score": -23.386666666666667
    },
    "threshold": {
      "mean_deaths": 109,
      "mean_econ_cost_M": 75.13664666666666,
      "mean_score": -0.057666666666666665
    },
    "reactive": {
      "mean_deaths": 230.33333333333334,
      "mean_econ_cost_M": 31.290182,
      "mean_score": -0.17866666666666667
    },
    "lagged_oracle": {
      "mean_deaths": 137.33333333333334,
      "mean_econ_cost_M": 102.66619299999999,
      "mean_score": -0.06766666666666667
    },
    "oracle": {
      "mean_deaths": 113,
      "mean_econ_cost_M": 117.49109283333333,
      "mean_score": -0.051000000000000004
    },
    "syntra": {
      "mean_deaths": 2.3333333333333335,
      "mean_econ_cost_M": 6742.292975833333,
      "mean_score": -2.4156666666666666
    }
  }
}